,Frekuensi
login susah banget,10
game susah login,6
tolong baik server,6
tolong baik servernya,5
game susah banget,3
login game susah,3
game rusak login,3
game jelek susah,3
something went wrong,3
login pake data,3
please login again,3
play this game,3
jelek susah login,3
even though didnt,3
banned even though,3
suspended even though,3
make sure using,3
like this game,3
tolong baik login,3
login from this,2
login stuck loading,2
login susah ampun,2
login susah game,2
login susah tolong,2
login tolong baik,2
love this game,2
main login susah,2
main susah banget,2
mantap game bagus,2
login deteksi pakai,2
anything wrong game,2
dikit dikit ercon,2
error connection mulu,2
even though only,2
even though signal,2
game bagus login,2
game bagus mainin,2
game bagus server,2
game game buruk,2
internet make sure,2
game login susah,2
game rusak server,2
game sampah login,2
ganti kuota wifi,2
getting server address,2
hate this game,2
masuk sinyal bagus,2
just want enjoy,2
kalo login akun,2
kena suspend game,2
game jelek login,2
though didnt anything,2
tolong baik error,2
tolong baik game,2
tolong benerin main,2
usage third party,2
using google account,2
aneh login susah,2
baik server game,2
this game will,2
benerin server login,2
account banned even,2
benerin server biar,2
susah login tolong,2
beli gems masuk,2
your internet make,2
baik masuk game,2
check your internet,2
account suspended even,2
pake wifi pake,2
niat baik server,2
pake data ercon,2
playing this game,2
rusak susah login,2
spam login again,2
akun kena suspend,2
stuck loading login,2
suka game kalo,2
susah banget login,2
susah banget masuk,2
susah login ercon,2
that when want,2
this game because,2
mending apus playstore,2
this game please,2
bosan main karna,1
bored because constant,1
bosen ngeliat error,1
boot game cheat,1
bot banyak banding,1
botdari nyasar mending,1
bolak masuk kadang,1
bodoh ubisoft urus,1
bodh bangetmau masuk,1
botmalah mudah masuk,1
bots auto players,1
bots because there,1
bots never play,1
bots once again,1
bots scripts haram,1
bots that have,1
bots that roaming,1
botspamer udah ajagak,1
botting ubisoft coba,1
bodoh login susah,1
bilang make tolol,1
bilang servernya pakai,1
bind loginin orang,1
bingung lakukansaya kecewa,1
bintang biar comen,1
bintang biar pake,1
bintang game kayak,1
bintang game rating,1
bintang item gamenya,1
bintang jelek server,1
bintang main game,1
bintang muak main,1
bintang suka game,1
botting eradication system,1
bisasekrng benerin game,1
bisaserver sampah buyan,1
bisnis world lock,1
blazingawm good server,1
blind yall read,1
block level cooo,1
block nunggu menit,1
blom asal pdhl,1
bneran main gabisa,1
bnyak sabar masuk,1
bnyk kasih bintang,1
bobol orang verifikasi,1
bobrok mending apus,1
bisaiin maen ribet,1
buruk banget sinyal,1
buruk bayangin enak,1
buruk buruk servernya,1
buruk game pantes,1
buruk isi spammer,1
buruk main beta,1
buruk nyaman main,1
buruk segi contoh,1
buruk server urus,1
busuk cape cape,1
busuk game kalo,1
busuk kembali login,1
buruksaya mengalamierror connectingdan,1
busuk login susah,1
busuk windah begok,1
button appear hope,1
button legacy login,1
butuh tolong update,1
came back playing,1
cancel game dendam,1
cant because erco,1
cant been years,1
cant data please,1
cant dont cheats,1
cant enter server,1
busuk limit aneh,1
bottolong bner baik,1
break block level,1
breakssemakin update rusak,1
broken account suddenly,1
broken cant even,1
broken every time,1
broken game please,1
broken hard game,1
broking please love,1
bruh banned user,1
bruh this dumb,1
buat kecewa manajemen,1
buruk alami world,1
bugs everywhere truly,1
buka gamenya langsung,1
buka gamenya tolong,1
buka mending urus,1
buka suspend banned,1
buka world sekali,1
bukti atur langgar,1
bukti liar error,1
bukti tolong bantu,1
burik gabisa login,1
burik loading banget,1
burik salah akun,1
burik server hadeuh,1
bugs course login,1
benar cepat ngebenrin,1
benar game rusak,1
benar karna main,1
benar sistem biar,1
benarin server anjing,1
bend admin sekluarga,1
bend anjir game,1
bener dikit ilegal,1
bener dikit susah,1
bener gmail aneh,1
bener login login,1
bener login sekian,1
benerin servernya login,1
bener servernya update,1
bener stuck login,1
bener tetep salah,1
bener ubisoft kaga,1
bener udah login,1
benerin bagus bintang,1
benerin duit mulu,1
benerin eror connecting,1
benerin game ercon,1
benerin game iniyang,1
benerin heran niat,1
benerin kayak kalo,1
bener mikirin duit,1
because very difficult,1
because when play,1
because your server,1
become easier these,1
becomes completely unplayable,1
becus server bapuk,1
been able play,1
been banned three,1
been experiencing recurring,1
been happening consistently,1
been reached limit,1
been returned over,1
beli tools mssuk,1
been waiting years,1
been years theres,1
before playing this,1
before proven that,1
beggining like that,1
bego bodoh banget,1
bego idiot login,1
bego login susah,1
bel anggurin game,1
beli game rawat,1
beli gems ingame,1
beli growpass suspend,1
been since came,1
berkendok judi haram,1
best bots that,1
best game ever,1
beta kurang buruk,1
betah main terimakasih,1
better because hassle,1
better players just,1
bgus game sepi,1
biar betah main,1
biar bintang bicara,1
biar dead kurang,1
biar enga full,1
benerin login apa,1
biar main nyaman,1
biar mangkin bagus,1
biar pake wifi,1
biar player enjoy,1
biar player nikmat,1
biar playernya lari,1
bidden maksud salah,1
bikin password udah,1
bilang eror aman,1
bilang eror suruh,1
bilang limit akun,1
bilang limit baik,1
biar main diam,1
benerin login susah,1
benerin loginnyaaa gimana,1
benerin main main,1
benerin masalah login,1
benerin pake telkomsel,1
benerin rugi game,1
benerin saing game,1
benerin server bego,1
benerin server game,1
benerin server ngwntot,1
benerin server overload,1
benerin server plis,1
berjamjam tinggal tidur,1
cant enter world,1
benerin sistem servernya,1
benerin suka game,1
bentang mohon game,1
bentar masuk susah,1
bentar tau kena,1
berantas gapernah mana,1
berantas player ilegalbotdll,1
berat gamr aneh,1
berat libas game,1
berat suspand permanen,1
berdagangbahasa inggris skil,1
beren rusak susah,1
benerin server update,1
cuman kecewa login,1
cuman kendala server,1
cuman login akun,1
cuman login udah,1
cuman main aaaaaaaa,1
cuman main game,1
cuman menit doang,1
cuman suruh login,1
curang diam locke,1
curang game chaos,1
currency then this,1
currency turun plis,1
cepatbayangin event nunggu,1
customer service were,1
daftar sebentar daftar,1
daftar susah sistem,1
damai login susahhadehh,1
damai pake botcsn,1
damn even phone,1
dampak main salah,1
dapetin lock profit,1
darell akun sabi,1
daritadi udah menit,1
dasar game dead,1
dasar game gajelasss,1
current login system,1
connection failed login,1
connection have been,1
connection main lancar,1
connection many boot,1
connection mksdnya gimna,1
connection mohon baik,1
connection mulu anjing,1
connection pake pdhl,1
connectionban temporaryplease again,1
consistently makes game,1
constant bugs everywhere,1
contacted there clear,1
cuek niat kerja,1
contoh server buruk,1
cooo kaya coba,1
coooo server penuh,1
costumer servis peduli,1
course login issues,1
crash gajelas banyak,1
crash tolong baik,1
crate account system,1
create different login,1
created years when,1
creator server very,1
criticism will read,1
crushing pepper profit,1
contacts support time,1
defense system that,1
definitely cant idea,1
delete pack that,1
denagb sistem pada,1
dendam salah ubisoft,1
dengar alas apa,1
dengar masuk player,1
denger akun kena,1
dengerin player tutup,1
about days each,1
acak alas banding,1
about game trash,1
dasar gamenya nggak,1
yall read complains,1
yapp masihhh erconnntolllltolong,1
year reason account,1
years login system,1
years theres progress,1
years theres proof,1
years when were,1
your game played,1
your rotten servers,1
your server bruh,1
your server full,1
your server potato,1
yall blind yall,1
dasar lembut kikir,1
data akun ulang,1
data check please,1
data ercon pake,1
data eror connecting,1
data masuk pake,1
data ngalamin tuduh,1
data pake wifi,1
data udah coba,1
data wifi main,1
datawifi often disconnects,1
days already clear,1
deep down still,1
days each month,1
days hope those,1
dcdi tuduh tolong,1
dead game ajah,1
dead game dont,1
dead game player,1
dead game server,1
dead game taikmau,1
deadgame saran perbahus,1
deal with spammers,1
dear ubidontol your,1
dear ubisoft thank,1
death game pertahaninso,1
days because stuck,1
cari nama kendal,1
casino alas gara,1
casino harap sistem,1
caused suspended straying,1
causes google login,1
causing market plummet,1
cepat baik game,1
cepat benar karna,1
cepat kangen hamumu,1
cepat ngebenrin update,1
cepat rela laku,1
cepat server benerin,1
connection errors more,1
cepet gantifix sistem,1
chance that criticism,1
chandelier buka world,1
change well wise,1
chaos suasana game,1
chat player suka,1
chat says dont,1
chat third parties,1
cheap hessp game,1
cheat make cheat,1
cheats account gets,1
check connection pake,1
because using google,1
cant even game,1
cant even please,1
cant even though,1
cant ever always,1
cant gamestuck loading,1
cant help player,1
cant idea what,1
cant login account,1
cant login always,1
cant login everytime,1
cant login game,1
cant login stuck,1
carelessly people even,1
cant login user,1
cant login when,1
cant move keep,1
cant open laptop,1
cant play because,1
cant play this,1
cant please delete,1
cant please have,1
cant using datawifi,1
cantttt loginnnn developer,1
cape cape main,1
cape server luas,1
care about events,1
cant login there,1
comeback maen game,1
comeback main growtopiamalah,1
comeback suspend gajelas,1
comeback terimakasih ubisoft,1
comeback year reason,1
complains yall didnt,1
completely unplayable because,1
conecting erorr trussscape,1
conection error mulu,1
conetting mulu baik,1
connect again make,1
connect server main,1
check please again,1
connecting deep down,1
connecting kadang ingat,1
connecting login update,1
connecting main game,1
connecting only about,1
connecting please again,1
connecting tolong baik,1
connecting update server,1
connectingdan botitu ganggu,1
connection bintang eror,1
connection crushing pepper,1
connection error just,1
connection error really,1
connecting baik server,1
choose moderator prioritizes,1
clear answer connection,1
clear reason there,1
clear reason want,1
close game because,1
closed make people,1
cman gara tidur,1
cmon bruh this,1
coba admin ngasih,1
coba akar kayak,1
coba game sering,1
coba kali nama,1
come ubisoft dont,1
coba langsung main,1
coba lembut bener,1
coba login ercon,1
coba login ribet,1
coba login server,1
coba main dikit,1
coba profit bagus,1
coba server sampah,1
coba sgala mohon,1
coba sistem mata,1
coba tetep bisaserver,1
cocok orang gila,1
come back bann,1
coba kalo abdetan,1
anehhhhhh baik servernya,1
anggur aktif sibuk,1
anggurin game rugi,1
anjbukan doang bnyk,1
anjg anjg doain,1
anjg doain biar,1
anjg login server,1
anjg tolol gausah,1
anjg udah login,1
anjgw salah apapa,1
anjing bodoh ubisoft,1
anjing cuman login,1
anjing emang sumpah,1
anjing padahla ban,1
because there many,1
anjir game jelass,1
anjir sih rusak,1
anjjjjjj kada bisaaa,1
another world always,1
answer connection have,1
anti lagg anti,1
anti maslaahhh pokok,1
anymoremy signal good,1
anything like that,1
anything while playing,1
apa ban gadeh,1
apa cuman main,1
apa dibenerin udah,1
apa game babi,1
apa kalo pake,1
anjing sinyal udah,1
ampas login spam,1
ampass gaguna mikir,1
ampun sepele banget,1
ampun tolong kalo,1
anak pakek proxy,1
anak tiri game,1
anak tiriin anjir,1
ancur nambah acur,1
ancur suka suspen,1
android cant open,1
aneh ajaa blog,1
aneh anjing sinyal,1
aneh benerin servernya,1
aneh berantas gapernah,1
anehakun terusgame kikir,1
aneh developer peduli,1
aneh download langsung,1
aneh emng masak,1
aneh gabisa login,1
aneh game pake,1
aneh growid qingy,1
aneh jaring bagis,1
aneh main gin,1
aneh mal batas,1
aneh males main,1
aneh masuk didenger,1
aneh pakai wifi,1
aneh server aneh,1
aneh server penuh,1
aneh stuck mulu,1
aneh curang game,1
asli main baik,1
asli masuk akal,1
aslieror koneksi menggangudan,1
attention this game,1
atur game banyak,1
atur game mohon,1
atur langgar sekian,1
atur main turun,1
auto bots never,1
auto farming main,1
auto farming orang,1
auto game death,1
auto hapus game,1
auto klik difix,1
apa maen make,1
auto sebab rugi,1
autp geiger auto,1
ayo benerin saing,1
ayo game buruk,1
ayo server beli,1
babi otak anjing,1
bacaanya connect again,1
back akun oldsystem,1
back cant play,1
back money quit,1
back playing account,1
back smoothly sometimes,1
back still same,1
bacot server coba,1
badd serverrr cant,1
auto promosi gamenya,1
apa semangat coba,1
apa server bener,1
apain support ulas,1
apalahh gems masuk,1
apapa ban anjbukan,1
apas banget server,1
apasih game loginnya,1
apasih login tulis,1
apasiih masalahupdate doang,1
aplah beli hilang,1
aplikasi aman akun,1
aplikasi keren game,1
aplikasi login hari,1
aplikasi sampah login,1
asli kaga urus,1
apparent reason what,1
appear hope create,1
appears that says,1
application party such,1
apus playstore rugi,1
apusorang pakai vpnlu,1
around diamond locks,1
around strengthen defense,1
around years login,1
asa update mulu,1
asal pdhl salah,1
asalasalan bukti atur,1
asik main psti,1
asking difficult legal,1
asli gabisa login,1
aplikasi tiga ileggal,1
akun kena alas,1
akun kena ngasal,1
akun kena pake,1
akun kena pedahal,1
akun kena salah,1
akun kena suspended,1
akun ketat milik,1
akun limit pakai,1
akun limittolong baiksaya,1
akun login akun,1
akun login bacot,1
akun login bilang,1
akun main suspended,1
akun muncul berjamjam,1
ambil tindak game,1
akun ngapain ngapain,1
akun nunggu tetep,1
akun oldsystem login,1
akun orang salah,1
akun pakai ban,1
akun pakai wifi,1
akun pilih akun,1
akun player server,1
akun rare item,1
akun situ nama,1
akun stuck dilogin,1
akun sulit game,1
akun sungguh admin,1
akun suspend alas,1
akun suspend cman,1
akun nama jesusvt,1
yaampun tolong kondisi,1
yaampun pakek data,1
access masuk portal,1
your server that,1
abdetan bisaiin maen,1
abis ken pindah,1
abistu kena spam,1
able play days,1
account always banned,1
account back cant,1
account banned from,1
account banned thirdparty,1
account banned without,1
akun alasanya minto,1
akun kehack akun,1
akun aneh growid,1
akun ban anjir,1
akun ban gegara,1
akun bang windah,1
akun banget ilang,1
about events ignore,1
akun bobol orang,1
akun fail sistem,1
akun gabisa login,1
akun google tolong,1
akun hama kaya,1
akun hilang bikin,1
akun hilang gatau,1
akun ilang gara,1
akun kaya mles,1
akun alesan ada,1
almost minutes still,1
already clear reason,1
already cmon bruh,1
already like this,1
already mood before,1
already waiting almost,1
also didnt help,1
always bugs course,1
always cant login,1
always disappointed with,1
always eror connection,1
always error connecting,1
always force closes,1
always have connection,1
akun tahun salah,1
always says address,1
always stuck getting,1
always stuck please,1
always with excuse,1
alwayss error connection,1
aman akun bobol,1
aman akun player,1
aman cuman kecewa,1
aman damai login,1
aman jaring tolong,1
aman ketat akun,1
aman kuat ercon,1
aman kurangakun bind,1
aman masuk world,1
ambil orang tolong,1
always login again,1
akun tibatiba kena,1
akun tibatiba suspend,1
akun total udah,1
akun udah bilang,1
akun udah dimainin,1
akun ulang sungguh,1
akun windah basudara,1
akun zexltranz kena,1
alami world level,1
alas apa jahat,1
alas banding player,1
alas error connecting,1
alas farm kena,1
alas farming chandelier,1
almost hours gems,1
alas gara gara,1
alas kembali buka,1
alas kurang bukti,1
alas lemah kali,1
alas make engak,1
alas mohon baik,1
alas mulu ngestuck,1
alas sebelumnyajadi game,1
alas server full,1
alas spamming ngetik,1
alasannuduh pake vpndev,1
alasanya minto tolong,1
alay suka kocak,1
alesan ada adakan,1
alesan connection mksdnya,1
alas game pantesan,1
banget login pliss,1
banget login susah,1
banget login usher,1
banget maintenance apan,1
banget masuk bnyak,1
banget masuk server,1
banget masuk world,1
banget mods kalo,1
banget nunggunya pantes,1
banget overload gilir,1
banget parah hedeh,1
banget semenjak pegang,1
banget semenjak ubisoft,1
banget server busuk,1
badly reaches silver,1
banget server niat,1
banget sinyal mati,1
banget sinyal wifi,1
banget stiap asik,1
banget suka ngstuck,1
banget sumpahhhh mending,1
banget tuduh pakai,1
banget udah daftar,1
banget udah tunggu,1
banget yaampun pakek,1
bangetdikira pakai vpnsaran,1
bangetkebanyak botdari nyasar,1
bangetlawak lawak comeback,1
bangetmau masuk susah,1
bangett login stuck,1
banget server ken,1
ban game jelk,1
ban gegara usage,1
ban haduh orang,1
ban main murni,1
ban nama akun,1
ban tolong ubisoft,1
band anak pakek,1
band band anak,1
band tampa witness,1
banding game tara,1
banding player rugi,1
baned mulu main,1
bang windah hilang,1
bang windah kasihan,1
banget login conection,1
banget akun kena,1
banget akun login,1
banget anjing cuman,1
banget bilang make,1
banget blom asal,1
banget cocok orang,1
banget dasar lembut,1
banget dongoo dongo,1
banget dvelopernya dibenerin,1
banget farmingmassing farmable,1
banget gagal gagal,1
banget hapus data,1
banget ilang bener,1
banget kalo main,1
banget kendala error,1
banget akun ilang,1
baru suka crash,1
bas ngerti hapusin,1
basmi kasino liar,1
basudara alas kembali,1
basudara mohon maaf,1
batas problem situ,1
batas tunggu batas,1
battle heal reward,1
bayak nebak susa,1
bayangin enak enak,1
bayangin kemarin tembus,1
bdohgame sepi sumpahinsemua,1
bebagus susah masuk,1
bebasmasalahnya apusorang pakai,1
bangett nunguin loading,1
because constant disconnectserrcons,1
because detrimental please,1
because erco using,1
because full viruses,1
because hassle does,1
because have been,1
because price diamond,1
because server keeps,1
because someone using,1
because stuck loading,1
akun banned salah,1
because think logging,1
because this game,1
because this problem,1
because this that,1
beber error conecting,1
bangetttt anti lagg,1
bangt koneksi bagus,1
bangun hilang asli,1
bangun raja kena,1
bankrupt main account,1
banned akun gabisa,1
banned buruk bayangin,1
banned developerkami naik,1
banned from another,1
banned immediately even,1
banned moderators dont,1
banned ngapa ngapain,1
banned player reason,1
banned salah lakuin,1
bapuk gampang erconminimal,1
banned thirdparty program,1
banned three times,1
banned user like,1
banned without clear,1
bantu singkirin nyaman,1
bantu ubusoft mohon,1
banyak banding playernya,1
banyak botting ubisoft,1
banyak malas main,1
banyak moderator tidur,1
banyak player auto,1
banyak player gampang,1
banyak server penuh,1
banyak update ilangin,1
bapuk anjing padahla,1
banned spammer join,1
bagus login gilir,1
bagus main rame,1
bagus mainin saran,1
bagus mangkin burik,1
bagus minus masuk,1
bagus moga baik,1
bagus mudah main,1
bagus nama player,1
bagus player main,1
bagus rating bagus,1
bagus saran benerin,1
bagus sayang servernya,1
bagus seru karna,1
bagus seru suka,1
ban gajelas tara,1
bagus server lancar,1
bagus servernya ajar,1
bagus servernya dibanned,1
bagus sihyang jelek,1
bagus sistem busuk,1
bagus suka gagal,1
bagus susah main,1
bagus tingkat server,1
bagus tolong baik,1
bagus vpnyah conecting,1
bagus zaman dewa,1
baguss servernya busuk,1
bagusss bangetttt anti,1
bagussssku rating bintang,1
bagustapi kena akun,1
bagus server ampas,1
bagi login karna,1
bagi login login,1
bagi ubisoft selesai,1
bagis make suka,1
bagus ajar berdagangbahasa,1
bagus akun stuck,1
bagus aman ketat,1
bagus bagus game,1
bagus band band,1
bagus banget cocok,1
bagus benerin bagus,1
bagus bgus game,1
bagus cuman login,1
bagus disconnect udah,1
bagus login bangt,1
bagus game gabisa,1
bagus game kendala,1
bagus game nggak,1
bagus game sampah,1
bagus gameplay sosial,1
bagus hapus ngapain,1
bagus jarang urus,1
bagus kagak login,1
bagus kasih bintang,1
bagus kena nyasar,1
bagus kenang game,1
bagus klok game,1
bagus kurang server,1
bagus lancar salah,1
bagus layak main,1
bagus ercon mulu,1
baik moderator aktif,1
baik pakai bilang,1
baik server auto,1
baik server baik,1
baik server coba,1
baik server event,1
baik server jual,1
baik server kadang,1
baik server tolong,1
baik server tolonggg,1
baik servernya banget,1
baik servernya banyak,1
